-- MySQL dump 10.13  Distrib 8.0.30, for Win64 (x86_64)
--
-- Host: localhost    Database: records_app
-- ------------------------------------------------------
-- Server version	8.0.30

/*!40101 SET @OLD_CHARACTER_SET_CLIENT=@@CHARACTER_SET_CLIENT */;
/*!40101 SET @OLD_CHARACTER_SET_RESULTS=@@CHARACTER_SET_RESULTS */;
/*!40101 SET @OLD_COLLATION_CONNECTION=@@COLLATION_CONNECTION */;
/*!50503 SET NAMES utf8 */;
/*!40103 SET @OLD_TIME_ZONE=@@TIME_ZONE */;
/*!40103 SET TIME_ZONE='+00:00' */;
/*!40014 SET @OLD_UNIQUE_CHECKS=@@UNIQUE_CHECKS, UNIQUE_CHECKS=0 */;
/*!40014 SET @OLD_FOREIGN_KEY_CHECKS=@@FOREIGN_KEY_CHECKS, FOREIGN_KEY_CHECKS=0 */;
/*!40101 SET @OLD_SQL_MODE=@@SQL_MODE, SQL_MODE='NO_AUTO_VALUE_ON_ZERO' */;
/*!40111 SET @OLD_SQL_NOTES=@@SQL_NOTES, SQL_NOTES=0 */;

--
-- Table structure for table `employee`
--

DROP TABLE IF EXISTS `employee`;
/*!40101 SET @saved_cs_client     = @@character_set_client */;
/*!50503 SET character_set_client = utf8mb4 */;
CREATE TABLE `employee` (
  `id` int NOT NULL AUTO_INCREMENT,
  `lastname` varchar(45) DEFAULT NULL,
  `firstname` varchar(45) DEFAULT NULL,
  `office_id` int DEFAULT NULL,
  `address` text,
  PRIMARY KEY (`id`)
) ENGINE=InnoDB AUTO_INCREMENT=201 DEFAULT CHARSET=utf8mb4 COLLATE=utf8mb4_0900_ai_ci;
/*!40101 SET character_set_client = @saved_cs_client */;

--
-- Dumping data for table `employee`
--

LOCK TABLES `employee` WRITE;
/*!40000 ALTER TABLE `employee` DISABLE KEYS */;
INSERT INTO `employee` VALUES (1,'Leffler','Flossie',6,'61A Harris Street, Candijay 1451 Catanduanes'),(2,'Ritchie','Brittany',25,'41A/63 Bruen Street, San Nicolas 1618 Northern Samar'),(3,'Heaney','Marcia',29,'95A/93 Kilback Street, Poblacion, Talisay 4276 Lanao del Sur'),(4,'Rowe','Sabryna',40,'45A Wisoky Street, Poblacion, Mandaluyong 4710 Benguet'),(5,'O\'Keefe','Fermin',46,'42/28 Miller Street, Surallah 9347 Biliran'),(6,'Torp','Gillian',24,'12/83 Ondricka Street, Poblacion, Puerto Princesa 6794 Davao del Norte'),(7,'Metz','Kelvin',43,'55/24 Doyle Street, Poblacion, Tayabas 0996 Tarlac'),(8,'Gleichner','Deshawn',32,'00/91 Zemlak Street, Poblacion, Dipolog 9294 South Cotabato'),(9,'O\'Conner','Brennan',25,'69A/31 Jakubowski Street, San Miguel 5014 Davao del Norte'),(10,'Lockman','Sister',6,'66A Douglas Street, Umingan 9633 Sarangani'),(11,'Kilback','Sharon',36,'08A/97 McLaughlin Street, Candoni 5125 Albay'),(12,'Zieme','Kayleigh',25,'67 Kuhic Street, Malapatan 4881 Metro Manila'),(13,'Kling','Veda',19,'66A/19 Weimann Street, San Ildefonso 3448 Sorsogon'),(14,'Frami','Reginald',7,'41A Hansen Street, Murcia 6548 Sorsogon'),(15,'Conn','Ruth',48,'30A Hand Street, Poblacion, Tagum 8933 Samar'),(16,'Skiles','Samantha',20,'11A/10 Ondricka Street, Tagoloan II 4451 Leyte'),(17,'Feest','Bradford',21,'68/78 Gusikowski Street, Irosin 0159 Camiguin'),(18,'Wiza','Aryanna',41,'94A Bernier Street, La Castellana 8594 Aurora'),(19,'Brekke','Gardner',8,'36/99 Fay Street, Aliaga 0163 Misamis Oriental'),(20,'Murazik','Edward',7,'78A Thiel Street, Buluan 5232 Iloilo'),(21,'Kertzmann','Reuben',47,'11A/77 Wintheiser Street, Poblacion, Tacloban 8241 Southern Leyte'),(22,'McLaughlin','Teagan',20,'88 Adams Street, Poblacion, Tandag 4186 Kalinga'),(23,'Mayer','Reggie',19,'74A Littel Street, Poblacion, Calamba 2478 Tawi-Tawi'),(24,'Dibbert','Marjory',25,'70A/52 Feest Street, San Simon 7116 Zamboanga del Sur'),(25,'Koelpin','Adele',31,'34A Hane Street, Poblacion, Mandaue 8605 Camarines Sur'),(26,'Medhurst','Chester',15,'60A/61 Deckow Street, Poblacion, Calamba 9534 Albay'),(27,'Douglas','Antwon',48,'35A Haag Street, Tantangan 9353 Surigao del Sur'),(28,'Lynch','Carmine',10,'72 Strosin Street, Sallapadan 1571 Sulu'),(29,'Kozey','Meaghan',29,'02A Harvey Street, Parang 7502 Pangasinan'),(30,'Trantow','Susanna',3,'12 McCullough Street, Paombong 3052 Negros Oriental'),(31,'Pagac','Elinore',27,'12 Tremblay Street, San Miguel 8015 Southern Leyte'),(32,'Labadie','Ava',16,'63A Legros Street, Poblacion, Malaybalay 3458 Camiguin'),(33,'Hodkiewicz','Claude',44,'14A Emard Street, General Mariano Alvarez 0870 Camarines Sur'),(34,'Carter','Jordi',41,'37A/88 Turcotte Street, Sominot 2335 Bukidnon'),(35,'Morar','Marge',19,'30A/01 Fay Street, Larena 3036 La Union'),(36,'Hilll','Emmanuel',46,'99/64 Hickle Street, Poblacion, Borongan 1923 Ilocos Sur'),(37,'Keeling','Norbert',35,'18A Cormier Street, Poblacion, Tagum 8507 Palawan'),(38,'Hodkiewicz','Adele',6,'13/37 Yost Street, Libmanan 3341 Cotabato'),(39,'Bechtelar','Kayla',42,'59A/38 Quitzon Street, Poblacion, Cotabato City 2726 Bohol'),(40,'White','Jerod',27,'89 Pagac Street, Poblacion, Gingoog 2377 Sorsogon'),(41,'Kuhlman','Nikko',13,'15/48 Kozey Street, Calapan City 2643 Bohol'),(42,'Langosh','Jessica',20,'24A/65 Jakubowski Street, Poblacion, Cagayan de Oro 4686 Siquijor'),(43,'Doyle','Elsie',28,'78/38 Pagac Street, Poblacion, Balanga 1181 Agusan del Sur'),(44,'Kuphal','Skylar',38,'21A/14 Swift Street, Urbiztondo 4081 Ilocos Sur'),(45,'Deckow','Maeve',9,'62A Dietrich Street, Pototan 8401 Misamis Oriental'),(46,'Block','Martine',14,'17A Corwin Street, Poblacion, Kabankalan 3509 Batanes'),(47,'Konopelski','Cassie',31,'20A/04 Ortiz Street, Poblacion, Tagaytay 3613 Isabela'),(48,'Baumbach','Eileen',26,'55 Keebler Street, Baleno 8294 Dinagat Islands'),(49,'VonRueden','Kadin',4,'89A Bernier Street, Poblacion, Angeles 2761 Palawan'),(50,'Prohaska','Idella',7,'68 Bartoletti Street, Poblacion, Batac 6909 Camarines Sur'),(51,'Kutch','Kayli',11,'20 Satterfield Street, Cabusao 8358 Apayao'),(52,'Durgan','Haylie',13,'60A/84 Wilderman Street, Imus City 9888 Laguna'),(53,'Moore','Hertha',0,'47/96 Schmitt Street, Balete 1506 Negros Oriental'),(54,'Turcotte','Magdalena',0,'12/37 Walker Street, Tuao 9787 Siquijor'),(55,'Cummerata','Elyssa',22,'43A Kshlerin Street, Poblacion, Mandaue 8109 Davao Oriental'),(56,'Abbott','Nathaniel',18,'40A/69 Breitenberg Street, Poblacion, Tayabas 4286 Iloilo'),(57,'Lynch','Leo',17,'41A Spencer Street, Lamut 5062 Tarlac'),(58,'Kshlerin','Abel',37,'73 Howell Street, Bagabag 4718 Siquijor'),(59,'Koepp','Else',16,'25 Lebsack Street, Odiongan 6080 Marinduque'),(60,'Wilkinson','Braulio',3,'50 Witting Street, Poblacion, Ozamiz 5180 Metro Manila'),(61,'Ritchie','Isadore',36,'38 Crooks Street, Poblacion, San Fernando 8185 Oriental Mindoro'),(62,'Mayer','Mathias',15,'10/26 Jakubowski Street, Gandara 1073 Leyte'),(63,'Brekke','Oliver',14,'03A/75 Prohaska Street, Poblacion, Cebu City 0496 Southern Leyte'),(64,'Ledner','Kiana',29,'06/85 Volkman Street, Dagohoy 0335 Misamis Occidental'),(65,'Prohaska','Therese',35,'76/89 Borer Street, Poblacion, La Carlota 1596 Cebu'),(66,'Kshlerin','Lilliana',20,'89A Koelpin Street, Galimuyod 8499 Davao Oriental'),(67,'Conroy','Martine',36,'46/73 Emmerich Street, Prosperidad 4430 Masbate'),(68,'Ondricka','Albert',31,'51A/67 Armstrong Street, San Mateo 7802 Zamboanga Sibugay'),(69,'O\'Keefe','Gia',18,'80A Lockman Street, Poblacion, Olongapo 7449 Iloilo'),(70,'Bogan','Genevieve',23,'71A Ritchie Street, Pamplona 6285 Leyte'),(71,'Farrell','Sally',1,'19A/69 Rodriguez Street, Suyo 3965 Surigao del Norte'),(72,'Swift','Kristian',41,'53A/29 Nolan Street, Caba 0872 Northern Samar'),(73,'Williamson','Scarlett',3,'65A/06 Schneider Street, Poblacion, Canlaon 0402 Zamboanga del Norte'),(74,'Stiedemann','Hank',5,'39 Sanford Street, Tolosa 6948 Agusan del Sur'),(75,'Kertzmann','Dangelo',15,'99/71 Russel Street, Poblacion, Vigan 6392 Northern Samar'),(76,'Reinger','Tyrell',42,'17 Schinner Street, Poblacion, San Jose del Monte 7654 Northern Samar'),(77,'Herzog','Cordell',47,'65A/73 Rohan Street, Poblacion, Bayugan 0951 Tarlac'),(78,'Graham','Toni',0,'05 Buckridge Street, Cauayan 5928 Surigao del Norte'),(79,'O\'Reilly','Josianne',32,'97 Brown Street, Cauayan 8804 Samar'),(80,'Hoppe','Reilly',37,'90A/15 Lesch Street, Poblacion, Bayawan 2797 Aurora'),(81,'Weimann','Gregoria',18,'09A/77 Gerlach Street, Poblacion, Sagay 2401 Leyte'),(82,'Bailey','Jorge',11,'20A/32 Grimes Street, Poblacion, Calapan 7021 Isabela'),(83,'Fahey','Nelson',47,'82A Kunde Street, Valencia 6694 Basilan'),(84,'Corwin','Cleveland',17,'05 Schaefer Street, Belison 3025 Surigao del Sur'),(85,'Bahringer','Lilla',42,'89A/27 Carter Street, Lumban 4738 Benguet'),(86,'Collier','Amelia',30,'94A Gutkowski Street, Poblacion, General Santos 1647 La Union'),(87,'Miller','Cesar',13,'63A Osinski Street, Silay City 2602 Quirino'),(88,'Block','Chaya',26,'52A Rowe Street, Sagay City 8931 Bulacan'),(89,'Leffler','Leif',30,'92 Orn Street, Poblacion, Digos 4337 Pangasinan'),(90,'Brakus','Britney',11,'66A Streich Street, Poblacion, Koronadal 3315 Pangasinan'),(91,'Glover','Alfred',43,'18 Leannon Street, Poblacion, Lucena 7943 South Cotabato'),(92,'Shanahan','Daryl',36,'03A Swaniawski Street, Poblacion, Manila 6002 Rizal'),(93,'Turcotte','Solon',44,'19/63 Hessel Street, Luna 8928 Davao del Norte'),(94,'Cummerata','Donny',22,'35A/41 Ryan Street, Northern Kabuntalan 1439 Cavite'),(95,'Metz','Britney',13,'83A Conn Street, Cabugao 7521 Marinduque'),(96,'Von','Grant',10,'26A/87 Nader Street, Poblacion, Iligan 3653 Negros Oriental'),(97,'Grant','Elinor',2,'40 Auer Street, Poblacion, Marawi 9269 Nueva Vizcaya'),(98,'Ward','Eloisa',24,'19 McCullough Street, Poblacion, Tabaco 4947 Metro Manila'),(99,'Dickinson','Angelina',37,'17A/72 Hoppe Street, Concepcion 4571 Sorsogon'),(100,'Schuster','Joy',47,'85 Watsica Street, Balete 0744 Camarines Norte'),(101,'Nicolas','Anabel',25,'16A/19 Rempel Street, Poblacion, Santa Rosa 0717 Rizal'),(102,'Braun','Cassidy',48,'38/03 Bradtke Street, Hernani 0577 Nueva Ecija'),(103,'Block','Kimberly',34,'43 Wunsch Street, Poblacion, Parañaque 0865 Sarangani'),(104,'Hoeger','Katheryn',21,'04A/09 Beer Street, Tago 7244 Cebu'),(105,'Kassulke','Malvina',17,'07/91 Hintz Street, Poblacion, Tarlac City 9911 Lanao del Norte'),(106,'Gibson','Alejandra',6,'51/00 Maggio Street, Banga 4779 Sulu'),(107,'Cummings','Duane',7,'78 Nolan Street, Poblacion, Gingoog 5256 Kalinga'),(108,'Cassin','Dariana',20,'97A/68 Jerde Street, Poblacion, Bislig 2626 Davao Oriental'),(109,'Goodwin','Afton',47,'98/69 Cruickshank Street, Poblacion, Kidapawan 9714 Kalinga'),(110,'Morissette','Mercedes',13,'44/16 Stanton Street, Bumbaran 3687 Pampanga'),(111,'Predovic','Johann',15,'14A/14 Muller Street, Poblacion, Lipa 4034 Ifugao'),(112,'Towne','Devin',3,'48/83 Rippin Street, Poblacion, Ormoc 9817 Basilan'),(113,'Brakus','Jaron',39,'90/46 Stark Street, Isabela 7018 Laguna'),(114,'Bartell','Norbert',34,'22/47 Emard Street, Poblacion, Tagum 7330 Ilocos Sur'),(115,'Kuvalis','Janick',49,'72A Stroman Street, Legazpi City 5398 Masbate'),(116,'Pouros','Samanta',48,'35/29 Stehr Street, Salvador 0853 Maguindanao'),(117,'Murphy','Nikita',46,'02 Jakubowski Street, Poblacion, Sagay 0279 Quirino'),(118,'Wintheiser','Destany',50,'39 Kling Street, Poblacion, Malaybalay 2465 Pangasinan'),(119,'King','Drake',8,'30 Ullrich Street, Poblacion, Tuguegarao 9481 Zamboanga Sibugay'),(120,'Lynch','Zetta',20,'01 Christiansen Street, Malabon 1219 Agusan del Norte'),(121,'Ziemann','Jo',29,'67/24 Gusikowski Street, Poblacion, Bacoor 9527 Zamboanga del Norte'),(122,'Barton','Norwood',32,'72/76 O\'Reilly Street, Bonifacio 0309 Northern Samar'),(123,'Hills','Mable',36,'57A Raynor Street, Poblacion, Borongan 2136 Metro Manila'),(124,'Homenick','Isaiah',30,'59A/71 Wiza Street, Pili 6078 Nueva Ecija'),(125,'Rutherford','Gaston',10,'12A/60 Skiles Street, Mabuhay 3271 Iloilo'),(126,'Bosco','Gracie',49,'48/91 Hilll Street, Pilar 2279 Zambales'),(127,'Schuppe','Selena',40,'57A/83 Keeling Street, San Agustin 2797 Sorsogon'),(128,'Hilll','Ramiro',8,'04 Ortiz Street, Norzagaray 8263 Nueva Vizcaya'),(129,'Fay','Josefina',4,'40A/84 Cartwright Street, Poblacion, Roxas 0764 Isabela'),(130,'Gleichner','Gerhard',21,'22A Windler Street, Victoria 2308 Marinduque'),(131,'Bechtelar','Dane',6,'12A/02 Howe Street, Santiago 8617 Nueva Vizcaya'),(132,'Rolfson','Wayne',29,'09A/40 Heller Street, Kayapa 4444 Abra'),(133,'Nader','Carmen',47,'40A/20 Fritsch Street, Agoo 5734 Metro Manila'),(134,'Bins','Joannie',25,'58A/83 Weissnat Street, Dupax del Norte 3395 Palawan'),(135,'Glover','Tremaine',44,'01 Kihn Street, Poblacion, Koronadal 0178 Sarangani'),(136,'Beier','Arjun',4,'99/66 Predovic Street, Tangalan 7214 Zamboanga del Norte'),(137,'Kuhlman','Cordie',31,'78/82 Smith Street, Poblacion, Lamitan 2010 Leyte'),(138,'Schiller','Arne',44,'19A Senger Street, Poblacion, Valencia 0587 Nueva Ecija'),(139,'Beier','Gerard',16,'27 Thompson Street, Libertad 1739 Surigao del Norte'),(140,'Rutherford','Raphaelle',2,'63A Sipes Street, Salay 3360 Camarines Sur'),(141,'Collins','Baby',26,'95A/61 Wilkinson Street, General Salipada K. Pendatun 1487 Ifugao'),(142,'Emmerich','Jalyn',43,'51 Crist Street, General Nakar 2494 Lanao del Sur'),(143,'Vandervort','Rebekah',40,'15 Dare Street, Jordan 3754 Samar'),(144,'Rogahn','Lew',15,'71/30 Cormier Street, Villasis 2178 Camarines Norte'),(145,'Zieme','Euna',1,'05 Hermiston Street, Poblacion, General Santos 4217 Surigao del Norte'),(146,'Bashirian','Brittany',47,'76A Hammes Street, Claveria 8194 Davao Oriental'),(147,'Rohan','Selina',16,'94A Farrell Street, Burgos 2266 Davao Oriental'),(148,'Funk','Christophe',34,'44/92 Abbott Street, Poblacion, Tagum 1841 Compostela Valley'),(149,'Anderson','Kallie',50,'18/75 Wiza Street, Iligan City 5947 Benguet'),(150,'Crona','Viviane',10,'07A Ullrich Street, San Rafael 5463 Masbate'),(151,'Greenholt','Brandy',45,'00 Beahan Street, Lumban 7638 Cotabato'),(152,'Johns','Nasir',10,'69/70 Dicki Street, Poblacion, Bago 9878 Catanduanes'),(153,'Douglas','Maude',18,'53A Rempel Street, Sibutu 3194 Pangasinan'),(154,'Hayes','Jarret',7,'91A Eichmann Street, Asuncion 0465 Metro Manila'),(155,'Kessler','Mallie',8,'58A/30 Swaniawski Street, Poblacion, Antipolo 0636 Isabela'),(156,'Hammes','Santos',49,'83A/62 Kris Street, Poblacion, Calamba 3413 Camarines Norte'),(157,'Veum','Kellie',36,'27A Murray Street, Poblacion, Meycauayan 6514 Northern Samar'),(158,'Lynch','Margaret',48,'21A/89 Jacobson Street, Poblacion, Baguio 5716 Pampanga'),(159,'Nikolaus','Abigayle',10,'24 Abshire Street, Liloan 3621 Agusan del Sur'),(160,'Wintheiser','Joannie',36,'08 Bradtke Street, Poblacion, Biñan 3903 Sulu'),(161,'Hoeger','Clementina',37,'89 Collins Street, Rizal 1244 Ilocos Norte'),(162,'Konopelski','Tyrese',25,'43 Pfannerstill Street, Poblacion, Bayawan 9799 Sarangani'),(163,'McDermott','Elise',25,'59A/42 Marquardt Street, Poblacion, Masbate City 1858 Basilan'),(164,'Rodriguez','Micheal',5,'99A VonRueden Street, Tangub City 6671 Lanao del Norte'),(165,'Nolan','Darien',39,'57/61 Borer Street, Matnog 8484 Abra'),(166,'Brekke','Zander',5,'08 Pfeffer Street, Poblacion, Cadiz 0912 Antique'),(167,'Kozey','Rick',1,'26/75 Lehner Street, Mulanay 9385 South Cotabato'),(168,'Trantow','Kim',12,'33A Kirlin Street, Poblacion, Ilagan 6504 Misamis Occidental'),(169,'Barton','Selena',10,'93A Murray Street, Poblacion, San Pedro 2453 Sulu'),(170,'Lueilwitz','Jamarcus',5,'56/88 Streich Street, Poblacion, Masbate City 2423 Iloilo'),(171,'Dach','Marcos',32,'54/47 Marks Street, Balanga City 1013 Marinduque'),(172,'Rempel','Lemuel',12,'47A Lebsack Street, Poblacion, San Juan 9323 Occidental Mindoro'),(173,'Lueilwitz','Elmer',2,'41A/92 Gutmann Street, Caraga 1455 Misamis Oriental'),(174,'Emard','Bette',40,'40/84 Wolff Street, Dumalinao 8117 Isabela'),(175,'Goldner','Jace',25,'25/32 Johns Street, Poblacion, Parañaque 4630 Davao Oriental'),(176,'Beer','Tommie',4,'74A Cremin Street, Poblacion, Isabela 0776 Pangasinan'),(177,'Purdy','Stephania',33,'57A Rice Street, Pangil 4550 Marinduque'),(178,'Corkery','Keenan',39,'24A Olson Street, Taytay 7763 Davao del Norte'),(179,'Wunsch','Elaina',38,'40 Padberg Street, Carmen 4289 South Cotabato'),(180,'Marks','Jazmyne',9,'44A Okuneva Street, Opol 0046 Zamboanga del Sur'),(181,'Wilkinson','Micheal',7,'64A Dooley Street, Silago 5189 Palawan'),(182,'Lowe','Lindsey',35,'69 Bernhard Street, Poblacion, Baguio 2207 Basilan'),(183,'VonRueden','Arvel',47,'45/90 Nikolaus Street, Poblacion, Mati 8156 Ilocos Sur'),(184,'Dietrich','Hudson',39,'02A Legros Street, Coron 3260 Guimaras'),(185,'Yundt','Dusty',15,'47/55 Murphy Street, Poblacion, Carcar 3620 Surigao del Sur'),(186,'Hettinger','Makayla',26,'76/56 Price Street, Poblacion, Meycauayan 3090 Capiz'),(187,'Gottlieb','Jolie',18,'10/05 Barrows Street, Poblacion, Parañaque 0222 Laguna'),(188,'Hauck','Gretchen',10,'40 Emard Street, Poblacion, Mandaue 7741 Bulacan'),(189,'Mante','Telly',32,'93/83 Bednar Street, Poblacion, Mandaluyong 4430 Batangas'),(190,'McClure','Anna',33,'59A Lynch Street, Poblacion, Sagay 3463 Samar'),(191,'Gutkowski','Ima',38,'02/17 Kerluke Street, Lutayan 7951 Nueva Ecija'),(192,'Goyette','Tessie',16,'44/67 Hilll Street, Marogong 2621 Iloilo'),(193,'Conroy','Rowena',13,'29A/42 Goldner Street, Poblacion, General Santos 1627 Negros Oriental'),(194,'Lang','Arlo',32,'04/65 Gusikowski Street, Kapai 2409 Agusan del Norte'),(195,'Nitzsche','Anahi',46,'51A/96 Will Street, Santo Tomas 9785 Apayao'),(196,'Welch','Treva',26,'91/79 Keebler Street, Poblacion, Bacolod 7102 Occidental Mindoro'),(197,'Hyatt','Flavio',11,'15A Rice Street, New Corella 2106 Lanao del Norte'),(198,'Bruen','Deshaun',7,'56A/22 Schaefer Street, Poblacion, Surigao City 2894 Benguet'),(199,'Kling','Hermina',24,'15A Bogan Street, Poblacion, Cabadbaran 5179 Nueva Vizcaya'),(200,'Tromp','Samara',30,'52A Durgan Street, Cabatuan 4002 Leyte');
/*!40000 ALTER TABLE `employee` ENABLE KEYS */;
UNLOCK TABLES;

--
-- Table structure for table `office`
--

DROP TABLE IF EXISTS `office`;
/*!40101 SET @saved_cs_client     = @@character_set_client */;
/*!50503 SET character_set_client = utf8mb4 */;
CREATE TABLE `office` (
  `id` int NOT NULL AUTO_INCREMENT,
  `name` varchar(45) DEFAULT NULL,
  `contactnum` varchar(45) DEFAULT NULL,
  `email` varchar(45) DEFAULT NULL,
  `address` text,
  `city` varchar(45) DEFAULT NULL,
  `country` varchar(45) DEFAULT NULL,
  `postal` int DEFAULT NULL,
  PRIMARY KEY (`id`)
) ENGINE=InnoDB AUTO_INCREMENT=52 DEFAULT CHARSET=utf8mb4 COLLATE=utf8mb4_0900_ai_ci;
/*!40101 SET character_set_client = @saved_cs_client */;

--
-- Dumping data for table `office`
--

LOCK TABLES `office` WRITE;
/*!40000 ALTER TABLE `office` DISABLE KEYS */;
INSERT INTO `office` VALUES (1,'Lebsack and Sons','06770633184','Faye.Nienow@Oberbrunner.com','97/18 Prohaska Street, Poblacion, Iloilo City 1810 La Union','Santa Rosa','Philippines',7531),(2,'Schamberger-Gottlieb','05466872556','Keebler.Michael@Becker.com','68A/03 Kiehn Street, Poblacion, Pagadian 5249 Zamboanga del Norte','Canlaon','Philippines',758),(3,'Brakus, Bashirian and White','04676131300','Murl73@Leffler.com','29 Nolan Street, Poblacion, Legazpi 9492 Dinagat Islands','Bogo','Philippines',6413),(4,'Stroman, Robel and Bechtelar','175.449.7199x7385','Heathcote.Emanuel@Abshire.info','48A Fritsch Street, Poblacion, San Fernando 3163 Northern Samar','Dumaguete','Philippines',3845),(5,'Mueller, Wolff and Gaylord','892.654.2282','John15@Gleason.com','71A Kerluke Street, Poblacion, Balanga 5313 South Cotabato','Masbate City','Philippines',1713),(6,'Pollich-Moore','1-932-362-9595','Johns.Kyra@Purdy.org','61 Schuster Street, Atimonan 2794 Zambales','Himamaylan','Philippines',3564),(7,'Hansen Group','651-346-2439','Deckow.Al@Zboncak.com','17 Zemlak Street, Poblacion, Valencia 6011 Mountain Province','Tanjay','Philippines',7407),(8,'Buckridge, Dare and Smitham','(562)617-6337x61675','Angeline66@Barrows.biz','53/24 Ritchie Street, Poblacion, Gingoog 4207 Ifugao','San Fernando','Philippines',6871),(9,'Ebert and Sons','+07(9)2847545015','Neha.Tromp@Mante.com','41A Lockman Street, Poblacion, Angeles 6909 Zamboanga del Sur','San Jose del Monte','Philippines',8987),(10,'Murazik, Considine and Collins','517-001-9605','Kenton.Smith@Bergnaum.biz','21/88 Kessler Street, Baler 3463 Mountain Province','Iriga','Philippines',9923),(11,'Stroman Group','(209)524-4885x80984','Konopelski.Ulices@Watsica.com','78/74 Becker Street, Poblacion, Iloilo City 7840 Aurora','Oroquieta','Philippines',1504),(12,'Willms, Weimann and Leannon','(901)105-7179','Maritza.Grimes@Wyman.com','51A/19 Hettinger Street, Poblacion, Urdaneta 1001 Ilocos Sur','Navotas','Philippines',7335),(13,'Weber, Hoppe and Jacobi','640-094-5194x033','zLeannon@Dibbert.com','31A/94 Tremblay Street, San Luis 8237 Compostela Valley','Santiago','Philippines',4473),(14,'Macejkovic-Hayes','1-588-233-0018x682','Otha80@Hilll.com','03A/61 Schmeler Street, Poblacion, Cagayan de Oro 3630 La Union','Tanjay','Philippines',5357),(15,'Mohr, Friesen and Leannon','+53(3)1824883027','aWilkinson@Denesik.biz','71/47 Skiles Street, Poblacion, Tanauan 6305 Siquijor','Samal','Philippines',8816),(16,'Will LLC','04538820670','Marks.Doyle@Conn.org','71/12 Farrell Street, Padre Burgos 0418 Lanao del Sur','Bais','Philippines',5351),(17,'Gorczany, Will and Medhurst','523.887.4985x409','Christina87@Abbott.com','91/59 Erdman Street, Poblacion, Mabalacat 6684 Iloilo','Baybay','Philippines',4814),(18,'Sawayn, Jacobs and Gottlieb','956.720.7122x312','sRoberts@Bartoletti.com','71A/40 Hahn Street, Rizal 4573 Negros Occidental','Bacoor','Philippines',9814),(19,'Glover-McGlynn','05448566177','mMacejkovic@Swift.com','15A/32 Connelly Street, Samal 9115 Zambales','Calapan','Philippines',4748),(20,'Weimann, Streich and Keebler','741-702-4126x910','Bianka89@Lemke.com','50 Green Street, Poblacion, Escalante 2887 Negros Occidental','Urdaneta','Philippines',9104),(21,'Casper-Rutherford','(224)350-7580x31101','Valentina51@Ernser.biz','27A Casper Street, Poblacion, Laoag 2557 Negros Oriental','Santiago','Philippines',3930),(22,'Miller-Stoltenberg','667.992.8424','cSenger@Orn.com','13A/42 Murazik Street, Poblacion, Maasin 6226 La Union','Bago','Philippines',203),(23,'Marvin-Kilback','1-168-973-7384x831','Cheyanne16@Doyle.com','36A Herzog Street, Poblacion, Cabadbaran 2739 Camarines Norte','Lapu-Lapu','Philippines',2109),(24,'O\'Hara, Lehner and Beer','251.155.0778x9042','Green.Woodrow@Hahn.com','99 Feest Street, Poblacion, Dasmariñas 2037 Apayao','San Carlos','Philippines',8819),(25,'Quigley-Bahringer','+93(2)3440233522','Leuschke.Kenneth@Kub.info','87/63 Boyle Street, Tukuran 0144 Batangas','Trece Martires','Philippines',5109),(26,'Mraz, Frami and Nikolaus','390-538-5844','Michael.Stanton@Dooley.com','39A Reilly Street, Poblacion, Lamitan 6524 Eastern Samar','Ilagan','Philippines',4247),(27,'Simonis, Morar and Torp','633-141-4387x2599','Julian44@Torp.com','28A/33 Toy Street, Sara 0324 Eastern Samar','Laoag','Philippines',6249),(28,'Kutch LLC','00489230126','Michelle44@Gerlach.com','19A Reichert Street, Poblacion, San Fernando 9622 Metro Manila','Davao City','Philippines',5987),(29,'Kohler, Greenfelder and Daugherty','754.482.3815x4794','Johnson.Loyce@Goyette.net','94/70 Klein Street, Delfin Albano 7708 Masbate','San Jose del Monte','Philippines',5959),(30,'Little Ltd','727-923-6127x900','Hallie46@Carter.biz','10A/66 Blick Street, San Francisco 3222 Romblon','Koronadal','Philippines',698),(31,'Bednar Group','390.436.7821x29190','xMitchell@Wuckert.com','92A/48 Stanton Street, Poblacion, Malolos 7100 Misamis Oriental','Makati','Philippines',4146),(32,'Stamm-Reichel','160.441.3845','Klein.Otha@Parker.com','46A/61 O\'Reilly Street, Luna 6882 Camarines Sur','Tacloban','Philippines',5768),(33,'Hermiston-Lind','(677)603-6049x517','Becker.Cloyd@Hilpert.info','29 Kutch Street, Poblacion, Marikina 9587 Pangasinan','Naga','Philippines',3848),(34,'Kris-Pollich','(028)478-4272x7403','Mavis86@Stamm.com','81 Lakin Street, Amadeo 9202 Romblon','Tanjay','Philippines',7281),(35,'O\'Reilly Inc','(932)133-1107x2631','Waino.Huels@Bins.com','62/86 Jacobson Street, Poblacion, Cabanatuan 0682 Zamboanga del Norte','Taguig','Philippines',3509),(36,'Rodriguez-Hermiston','023-551-1012x635','Angelita10@Jaskolski.com','12A Kihn Street, Poblacion, Bayugan 7773 Tarlac','Dipolog','Philippines',878),(37,'Swaniawski and Sons','338-690-8577','Funk.Trycia@Jerde.com','15A Jones Street, Poblacion, Tacurong 6491 Eastern Samar','Bacolod','Philippines',9839),(38,'Konopelski-Olson','1-077-399-4985','Harmon98@Schuppe.info','60/81 Bergstrom Street, Valladolid 1575 Bohol','Tabaco','Philippines',3476),(39,'Watsica, Feeney and Bins','1-334-062-6256x66962','Verla57@Mayer.net','61/70 Parisian Street, Poblacion, Parañaque 6937 Mountain Province','Laoag','Philippines',4103),(40,'Ferry Ltd','065.868.3471x13014','Manley18@Heidenreich.com','23 Zemlak Street, Valenzuela 4977 Agusan del Norte','Olongapo','Philippines',9728),(41,'Hyatt, Rice and Keeling','1-579-679-1293','Tromp.Hilma@Kling.com','56 Schneider Street, Poblacion, Puerto Princesa 0257 Marinduque','Malaybalay','Philippines',2234),(42,'Fadel PLC','1-834-691-7818','Kaycee.Pfeffer@Ernser.com','22A/00 Runte Street, Cabusao 2209 Maguindanao','San Jose del Monte','Philippines',6156),(43,'Nader PLC','161.379.7740','aSchowalter@Bahringer.com','28A/10 Kub Street, San Antonio 7429 Cavite','Marawi','Philippines',2789),(44,'Lesch LLC','602.019.9808','wFlatley@Howell.info','50A/32 Bergnaum Street, Dagohoy 4345 Pampanga','Valencia','Philippines',4235),(45,'Schimmel, Fritsch and Stehr','1-324-703-2420x55757','Antonette.Kris@Marvin.com','24 Hermiston Street, Manjuyod 9583 Bulacan','Malolos','Philippines',9431),(46,'Thiel-Murazik','01132434893','Marcella.Howell@Johnston.com','35/01 Oberbrunner Street, Asingan 5847 Ilocos Sur','Mati','Philippines',4504),(47,'Wiza, Franecki and Gottlieb','1-880-615-6541','Legros.Ismael@Tremblay.org','74 Funk Street, Poblacion, Tarlac City 7525 Cebu','San Carlos','Philippines',6293),(48,'Gusikowski, Sauer and Lesch','362.681.2983x8192','Fannie64@Stiedemann.org','83 Deckow Street, Poblacion, Passi 5192 Ilocos Sur','Baybay','Philippines',264),(49,'Greenholt LLC','(607)100-4052x245','Jaron.Wisoky@Conn.com','34 Sawayn Street, Poblacion, Santiago 5967 Rizal','Passi','Philippines',8288),(50,'Hoeger, Ernser and Hilpert','1-467-647-2839','Doug11@Mann.com','89A/29 Toy Street, Poblacion, San Fernando 6279 Catanduanes','Bayugan','Philippines',9995),(51,'Compendium','123456','cs_compendium@psu.palawan.edu.ph','CS Building','Puerto Princesa','Philippines',5300);
/*!40000 ALTER TABLE `office` ENABLE KEYS */;
UNLOCK TABLES;

--
-- Table structure for table `transaction`
--

DROP TABLE IF EXISTS `transaction`;
/*!40101 SET @saved_cs_client     = @@character_set_client */;
/*!50503 SET character_set_client = utf8mb4 */;
CREATE TABLE `transaction` (
  `id` int NOT NULL AUTO_INCREMENT,
  `employee_id` int DEFAULT NULL,
  `office_id` int DEFAULT NULL,
  `date_log` datetime DEFAULT CURRENT_TIMESTAMP,
  `action` enum('IN','OUT','COMPLETE') DEFAULT NULL,
  `remarks` varchar(45) DEFAULT NULL,
  `documentcode` varchar(45) DEFAULT NULL,
  PRIMARY KEY (`id`)
) ENGINE=InnoDB AUTO_INCREMENT=501 DEFAULT CHARSET=utf8mb4 COLLATE=utf8mb4_0900_ai_ci;
/*!40101 SET character_set_client = @saved_cs_client */;

--
-- Dumping data for table `transaction`
--

LOCK TABLES `transaction` WRITE;
/*!40000 ALTER TABLE `transaction` DISABLE KEYS */;
INSERT INTO `transaction` VALUES (1,92,20,'1989-02-06 02:46:54','COMPLETE','','1'),(2,178,33,'1975-02-06 07:08:00','OUT','','28'),(3,3,11,'2023-05-20 22:16:43','COMPLETE','','121'),(4,195,6,'1973-10-09 22:05:55','IN','','49'),(5,9,42,'2006-11-01 02:06:00','IN','Incomplete','53'),(6,178,22,'2023-01-06 17:32:02','COMPLETE','Done','79'),(7,170,28,'1994-07-07 09:18:35','OUT','','15'),(8,5,44,'2003-02-05 10:28:37','COMPLETE','','88'),(9,0,21,'2021-01-10 05:14:24','OUT','Done','5'),(10,162,22,'2018-03-01 21:58:53','IN','','30'),(11,64,47,'2022-12-04 11:02:09','COMPLETE','','34'),(12,13,21,'1997-05-28 07:52:05','IN','','40'),(13,32,33,'2015-08-01 07:02:03','IN','','54'),(14,29,44,'1979-09-20 10:42:15','COMPLETE','','78'),(15,73,17,'1977-01-06 06:52:14','OUT','','98'),(16,118,14,'2012-09-08 16:51:52','COMPLETE','','114'),(17,185,41,'1994-09-03 21:20:32','OUT','','43'),(18,167,39,'2006-11-29 15:57:50','COMPLETE','','63'),(19,155,17,'1975-04-24 21:56:22','IN','','89'),(20,127,36,'2023-01-21 17:36:01','OUT','Done','33'),(21,124,23,'2003-03-15 09:56:57','IN','','88'),(22,123,23,'2014-01-28 06:40:13','IN','','90'),(23,151,50,'2014-07-30 22:46:21','IN','','84'),(24,31,20,'1974-06-06 22:51:27','COMPLETE','','65'),(25,74,40,'1973-08-29 06:30:12','IN','','107'),(26,62,13,'2012-01-19 19:17:54','COMPLETE','','101'),(27,157,2,'1987-05-26 09:29:47','IN','','3'),(28,22,28,'1996-06-30 11:47:29','IN','','49'),(29,143,37,'1991-05-01 15:44:03','OUT','','94'),(30,100,12,'1982-10-01 20:14:21','IN','','22'),(31,152,5,'2021-10-09 02:12:07','COMPLETE','','143'),(32,186,16,'2009-11-27 13:01:45','COMPLETE','','69'),(33,96,35,'2006-04-24 23:15:12','COMPLETE','','149'),(34,153,10,'2020-06-16 01:04:12','COMPLETE','','140'),(35,4,24,'2008-01-29 21:10:30','COMPLETE','','101'),(36,35,20,'2014-01-08 05:21:15','IN','Incomplete','102'),(37,37,1,'2022-08-27 06:00:36','COMPLETE','','67'),(38,39,35,'1983-05-01 06:42:23','OUT','','115'),(39,95,19,'2017-03-10 00:56:16','COMPLETE','','38'),(40,104,6,'1972-02-09 15:27:31','COMPLETE','Done','22'),(41,117,31,'2020-06-02 16:13:10','COMPLETE','','25'),(42,85,50,'1995-09-19 05:25:30','COMPLETE','','40'),(43,180,20,'1975-06-04 17:27:59','IN','Needs editing','63'),(44,55,8,'2012-10-08 09:20:51','IN','','63'),(45,123,19,'1987-03-09 12:43:49','OUT','','138'),(46,175,15,'1982-10-17 02:20:19','OUT','','98'),(47,106,33,'2018-07-01 11:25:11','IN','Needs editing','60'),(48,184,13,'1990-01-24 05:27:09','OUT','','87'),(49,34,41,'2015-11-24 13:50:19','IN','','97'),(50,63,43,'2011-12-05 15:20:33','COMPLETE','','111'),(51,110,48,'2010-08-16 19:09:40','COMPLETE','','4'),(52,108,13,'2011-11-13 09:11:55','COMPLETE','','56'),(53,65,46,'2004-02-09 14:52:02','COMPLETE','','50'),(54,118,43,'2006-02-17 10:56:05','COMPLETE','Needs editing','50'),(55,23,25,'1991-11-14 00:51:10','COMPLETE','','64'),(56,100,9,'2012-07-30 20:35:02','COMPLETE','','110'),(57,128,45,'1976-08-23 20:24:10','IN','','145'),(58,164,28,'1990-04-04 22:35:36','OUT','','133'),(59,89,44,'2007-10-14 01:05:18','OUT','','26'),(60,100,8,'1972-01-14 08:22:20','OUT','','79'),(61,131,39,'1996-09-09 03:52:15','OUT','','75'),(62,191,6,'1995-09-19 15:32:20','IN','','108'),(63,148,46,'1971-07-21 15:47:06','COMPLETE','','39'),(64,89,18,'1991-06-23 16:32:46','IN','','21'),(65,144,48,'1971-05-12 06:44:44','COMPLETE','','102'),(66,134,9,'1997-10-20 09:32:50','OUT','Done','132'),(67,163,22,'2004-04-17 00:06:08','COMPLETE','','73'),(68,188,15,'2000-10-23 02:25:45','IN','','15'),(69,80,33,'2013-01-27 09:09:37','COMPLETE','','105'),(70,117,24,'1976-10-18 02:05:17','OUT','','8'),(71,151,11,'1970-12-16 20:18:40','IN','','146'),(72,48,9,'1984-04-14 05:49:16','COMPLETE','','111'),(73,32,9,'2003-02-14 05:29:21','IN','','49'),(74,56,16,'1995-10-27 01:06:48','COMPLETE','','72'),(75,88,34,'2016-05-23 15:37:37','IN','Incomplete','125'),(76,115,16,'1994-07-31 10:58:59','COMPLETE','Incomplete','46'),(77,144,28,'1978-01-05 19:07:47','COMPLETE','Incomplete','135'),(78,133,50,'2013-04-11 03:18:59','IN','','141'),(79,56,12,'2017-11-15 19:35:39','OUT','','38'),(80,20,48,'1985-09-08 08:16:00','OUT','','141'),(81,35,10,'1991-06-26 06:50:29','IN','Incomplete','39'),(82,23,19,'1971-06-22 14:31:29','COMPLETE','Incomplete','18'),(83,1,36,'2023-06-30 02:27:38','COMPLETE','Incomplete','77'),(84,57,2,'1985-02-27 05:13:43','IN','','31'),(85,96,25,'2009-05-16 12:57:58','OUT','','68'),(86,166,14,'1980-07-13 01:07:50','OUT','','115'),(87,113,1,'2022-08-02 08:31:11','COMPLETE','','88'),(88,113,29,'2009-04-14 20:04:44','OUT','','18'),(89,108,29,'2023-05-25 11:34:56','COMPLETE','','131'),(90,183,1,'1997-12-01 22:04:42','IN','','145'),(91,101,1,'2014-08-01 01:38:56','OUT','','80'),(92,34,46,'1990-08-12 22:47:16','IN','','134'),(93,175,23,'1993-05-23 02:26:30','OUT','Incomplete','70'),(94,199,19,'1989-02-17 07:17:53','IN','','49'),(95,92,22,'2020-08-01 04:32:06','COMPLETE','','80'),(96,40,40,'2007-05-20 16:15:56','IN','','56'),(97,69,11,'1995-05-06 06:27:59','COMPLETE','','11'),(98,135,27,'1982-07-02 06:47:24','IN','','73'),(99,106,12,'1971-10-25 00:32:56','COMPLETE','','29'),(100,89,28,'1975-01-25 01:39:34','COMPLETE','','137'),(101,62,45,'1992-12-05 05:00:32','COMPLETE','','30'),(102,144,38,'2018-11-18 09:02:20','OUT','','45'),(103,184,30,'1984-10-21 20:36:34','IN','','134'),(104,153,42,'2019-04-16 06:41:59','IN','','35'),(105,110,14,'2003-10-07 05:16:08','OUT','','43'),(106,115,26,'1981-11-11 16:08:44','COMPLETE','','85'),(107,11,16,'2016-02-26 11:48:12','OUT','','49'),(108,56,25,'1993-10-23 17:22:23','OUT','','22'),(109,71,28,'1999-09-22 04:42:00','COMPLETE','','45'),(110,10,30,'1979-11-26 16:46:10','IN','','69'),(111,66,24,'1977-12-20 22:17:17','COMPLETE','Done','131'),(112,17,19,'2023-03-15 23:15:32','COMPLETE','','81'),(113,195,30,'1981-05-10 04:08:33','OUT','','60'),(114,23,48,'1995-03-08 12:48:28','IN','Done','59'),(115,151,38,'1979-01-27 03:07:34','COMPLETE','','71'),(116,54,32,'1983-09-04 03:32:49','IN','','136'),(117,144,0,'1999-01-20 19:57:07','COMPLETE','Done','66'),(118,43,14,'2011-07-20 19:07:21','COMPLETE','','32'),(119,88,37,'1974-10-07 15:23:39','OUT','','27'),(120,193,4,'2001-02-19 11:13:42','IN','','37'),(121,9,40,'1975-04-25 13:55:18','IN','','68'),(122,96,18,'1988-01-04 01:39:30','IN','','124'),(123,194,45,'2019-07-14 07:39:54','COMPLETE','','117'),(124,49,36,'1984-05-07 19:31:18','COMPLETE','','117'),(125,189,20,'2022-11-15 15:32:24','COMPLETE','Done','67'),(126,167,4,'1998-02-12 12:31:55','IN','Incomplete','58'),(127,85,42,'2005-07-20 22:35:30','COMPLETE','','143'),(128,78,29,'1985-02-17 21:45:40','COMPLETE','','71'),(129,98,29,'1970-07-14 19:06:40','OUT','','79'),(130,180,41,'2003-12-08 18:37:24','IN','Needs editing','69'),(131,46,9,'1994-09-07 15:03:58','COMPLETE','','57'),(132,177,10,'1975-05-31 11:39:24','COMPLETE','','39'),(133,80,25,'1978-02-26 13:01:42','OUT','Done','60'),(134,169,6,'2002-03-14 17:25:28','OUT','Done','102'),(135,89,7,'1988-01-12 18:43:12','COMPLETE','','40'),(136,78,26,'1979-12-31 20:08:59','IN','','13'),(137,155,23,'1972-01-04 15:20:02','COMPLETE','Incomplete','105'),(138,51,21,'1997-09-04 00:13:09','IN','Needs editing','120'),(139,99,13,'2004-09-10 06:57:07','COMPLETE','','124'),(140,95,13,'2018-06-20 16:32:36','IN','','128'),(141,167,42,'2022-03-10 13:42:14','OUT','','37'),(142,62,20,'2006-01-12 22:55:21','IN','Needs editing','62'),(143,61,31,'1972-05-25 09:40:18','COMPLETE','','142'),(144,109,15,'1999-08-05 08:37:45','OUT','','18'),(145,30,49,'2023-06-03 21:40:52','IN','Incomplete','132'),(146,159,41,'1983-06-02 13:45:14','OUT','','3'),(147,112,8,'1997-02-12 05:31:31','OUT','','48'),(148,121,6,'1991-04-28 04:18:32','COMPLETE','','1'),(149,118,32,'2011-09-17 10:31:23','IN','','36'),(150,111,31,'1971-03-18 20:22:48','IN','','1'),(151,93,22,'1994-11-25 11:28:42','IN','','3'),(152,173,21,'1972-01-17 06:29:08','OUT','','62'),(153,85,7,'1976-01-10 18:52:00','COMPLETE','','110'),(154,193,5,'2019-10-09 10:41:50','OUT','','114'),(155,107,47,'1984-12-19 17:01:54','OUT','','121'),(156,183,4,'2009-10-05 18:52:46','IN','','81'),(157,182,14,'1974-01-27 16:01:11','IN','Needs editing','101'),(158,121,13,'1990-03-06 19:29:05','COMPLETE','','17'),(159,1,27,'1994-04-21 20:51:29','COMPLETE','','37'),(160,196,37,'2007-02-18 01:14:23','OUT','','138'),(161,156,10,'2016-05-06 02:51:44','OUT','','67'),(162,78,0,'1996-03-21 11:42:24','COMPLETE','','60'),(163,146,32,'2018-03-08 22:46:07','COMPLETE','','45'),(164,115,9,'1971-09-18 07:43:18','COMPLETE','','113'),(165,17,29,'2000-02-23 08:32:26','COMPLETE','','99'),(166,166,41,'2001-03-20 13:43:24','COMPLETE','','38'),(167,178,43,'1976-06-27 10:30:54','IN','','97'),(168,101,13,'2017-06-07 12:20:34','COMPLETE','','77'),(169,62,11,'1985-04-20 02:08:58','OUT','','100'),(170,138,36,'1997-05-09 07:59:15','OUT','','42'),(171,109,32,'2013-01-31 13:29:44','OUT','Done','59'),(172,91,43,'1994-03-12 16:31:01','COMPLETE','','32'),(173,156,6,'1988-12-12 02:39:41','OUT','','109'),(174,85,0,'1986-11-16 17:51:15','COMPLETE','','79'),(175,78,50,'1991-10-21 09:17:19','COMPLETE','Done','150'),(176,172,33,'1984-10-06 11:04:47','COMPLETE','','132'),(177,60,5,'2006-04-07 21:13:27','COMPLETE','','117'),(178,130,37,'1982-07-10 04:11:47','COMPLETE','','17'),(179,192,40,'1971-05-11 21:38:26','IN','','138'),(180,114,29,'2007-06-13 09:08:41','IN','','63'),(181,63,39,'1983-01-22 23:28:30','OUT','Incomplete','3'),(182,180,33,'2008-06-25 07:40:44','COMPLETE','','150'),(183,84,48,'1994-06-24 07:27:56','IN','Done','76'),(184,106,5,'2007-05-13 07:27:35','IN','','63'),(185,89,25,'2014-07-14 17:52:17','IN','','139'),(186,92,28,'2007-01-20 03:48:33','OUT','','39'),(187,125,43,'2006-04-05 04:28:21','OUT','Incomplete','101'),(188,90,25,'1977-05-02 09:02:07','OUT','','144'),(189,140,20,'2021-11-15 03:11:56','IN','','11'),(190,31,5,'1988-04-20 12:31:51','IN','Incomplete','29'),(191,61,8,'2021-12-25 16:15:27','COMPLETE','','129'),(192,130,1,'2017-12-18 13:00:17','IN','','124'),(193,159,3,'2023-09-21 14:25:21','COMPLETE','','36'),(194,2,0,'2020-06-15 00:47:33','IN','','74'),(195,62,9,'1995-01-05 10:31:22','COMPLETE','','29'),(196,50,4,'1995-10-16 17:02:37','COMPLETE','','1'),(197,113,26,'2004-09-10 15:35:10','IN','Done','108'),(198,114,30,'1979-12-26 13:45:54','COMPLETE','','55'),(199,19,16,'1994-01-16 06:20:48','OUT','','35'),(200,170,37,'1973-01-18 07:31:43','OUT','','135'),(201,122,33,'1971-05-21 10:22:37','OUT','Done','96'),(202,147,44,'2001-11-13 06:05:48','IN','','88'),(203,98,35,'2017-02-15 22:20:28','IN','','4'),(204,43,41,'1972-06-08 17:01:55','OUT','','20'),(205,29,50,'2021-01-13 23:35:21','OUT','','81'),(206,119,41,'2016-02-18 04:01:06','IN','','53'),(207,196,8,'2013-05-02 04:34:37','COMPLETE','','71'),(208,155,45,'2018-01-28 22:53:14','OUT','Needs editing','82'),(209,138,7,'2020-07-08 03:53:43','OUT','','34'),(210,21,40,'2001-02-28 04:35:27','COMPLETE','','11'),(211,24,15,'2001-05-20 18:25:56','COMPLETE','','30'),(212,103,17,'1988-05-08 20:43:56','IN','Done','147'),(213,75,45,'2013-12-01 20:56:09','IN','Needs editing','91'),(214,78,46,'2001-07-04 11:05:08','OUT','','36'),(215,81,44,'1970-02-05 09:31:51','COMPLETE','','27'),(216,17,1,'2008-04-23 05:15:29','IN','Needs editing','22'),(217,159,25,'1977-03-16 19:27:30','COMPLETE','','102'),(218,71,16,'2012-04-18 06:29:48','OUT','Incomplete','127'),(219,174,27,'2002-11-13 03:24:11','OUT','','5'),(220,56,16,'2002-12-02 11:28:57','COMPLETE','','107'),(221,130,9,'1977-12-07 09:47:17','COMPLETE','','64'),(222,29,38,'1992-06-05 09:24:04','IN','','12'),(223,155,3,'2012-09-24 19:18:15','COMPLETE','','73'),(224,41,46,'2012-09-18 19:42:58','OUT','','109'),(225,103,50,'1975-04-05 21:52:05','IN','','65'),(226,87,15,'2008-11-13 09:40:27','OUT','','61'),(227,49,40,'1990-05-10 08:04:33','OUT','','146'),(228,187,11,'1992-12-06 07:16:22','IN','','101'),(229,48,34,'1970-09-11 15:27:02','COMPLETE','','148'),(230,180,33,'1987-05-29 20:03:03','OUT','Done','126'),(231,100,22,'2010-05-31 12:30:32','OUT','','127'),(232,20,6,'1995-08-19 08:13:29','OUT','','96'),(233,148,29,'1984-10-30 17:34:39','COMPLETE','Incomplete','77'),(234,147,26,'1982-08-03 19:18:48','COMPLETE','','129'),(235,13,26,'2010-04-22 14:05:19','IN','Incomplete','89'),(236,1,2,'1974-10-20 16:43:02','IN','','21'),(237,71,42,'1990-08-01 11:56:42','COMPLETE','','125'),(238,195,10,'2003-01-04 04:41:32','COMPLETE','','44'),(239,8,18,'1985-12-14 16:36:17','IN','','118'),(240,163,2,'2005-12-26 08:32:05','IN','','65'),(241,6,27,'2023-05-14 14:10:16','IN','','18'),(242,147,21,'2013-11-10 10:02:02','OUT','','76'),(243,31,6,'1980-09-10 04:40:03','OUT','','142'),(244,125,26,'2017-07-30 22:38:42','OUT','','98'),(245,49,18,'1980-03-09 01:08:08','OUT','','43'),(246,142,20,'2018-06-13 15:50:58','OUT','','79'),(247,83,43,'2012-03-13 10:47:59','IN','','38'),(248,59,36,'2021-10-20 12:27:27','IN','','125'),(249,69,34,'1993-12-12 03:09:49','COMPLETE','','57'),(250,66,21,'2022-09-21 05:29:15','COMPLETE','','137'),(251,57,15,'2000-01-05 16:31:38','IN','','93'),(252,6,47,'1974-08-22 10:45:42','IN','Done','88'),(253,40,39,'1972-03-04 13:52:16','COMPLETE','','55'),(254,32,9,'2008-02-27 04:56:20','IN','','95'),(255,85,33,'1977-07-07 01:54:59','COMPLETE','','13'),(256,109,28,'2004-04-05 00:29:02','OUT','','75'),(257,29,7,'2003-02-06 08:43:52','COMPLETE','Needs editing','141'),(258,184,7,'2018-02-20 16:49:47','OUT','','26'),(259,174,1,'1980-10-21 12:48:02','COMPLETE','','71'),(260,130,10,'2019-08-06 10:38:49','IN','','112'),(261,190,17,'1996-04-14 10:26:44','OUT','','6'),(262,23,30,'1999-04-01 08:20:35','OUT','Incomplete','107'),(263,183,19,'1982-08-22 07:12:20','IN','','122'),(264,70,47,'2008-09-27 09:18:00','IN','','81'),(265,126,26,'1971-08-13 06:45:50','OUT','Incomplete','21'),(266,53,42,'1974-05-02 14:12:43','IN','','114'),(267,57,44,'1988-03-09 09:45:07','IN','','116'),(268,125,44,'1984-07-26 14:09:47','OUT','','103'),(269,160,46,'2009-06-24 02:10:28','IN','Needs editing','128'),(270,120,13,'1971-09-28 01:44:55','OUT','','138'),(271,44,47,'1977-10-06 14:35:21','OUT','','21'),(272,128,50,'1974-03-03 18:50:02','OUT','','79'),(273,17,18,'1991-08-27 18:44:58','COMPLETE','Incomplete','31'),(274,136,25,'1980-07-03 13:53:33','COMPLETE','','103'),(275,77,22,'2021-10-25 08:16:37','OUT','','65'),(276,3,48,'1983-07-27 06:23:06','OUT','','123'),(277,13,37,'1970-11-10 13:45:33','IN','','22'),(278,125,45,'2013-01-19 00:37:49','OUT','','123'),(279,5,38,'2016-03-21 23:12:01','COMPLETE','','89'),(280,153,45,'1995-07-27 06:25:47','COMPLETE','','140'),(281,116,23,'1985-05-08 16:09:42','COMPLETE','','66'),(282,148,33,'2012-01-21 09:11:19','COMPLETE','','69'),(283,182,49,'1979-11-13 22:30:22','OUT','','137'),(284,128,19,'2022-02-05 22:58:08','OUT','','136'),(285,131,26,'2003-08-28 21:22:43','IN','','45'),(286,100,0,'2002-05-08 05:17:11','IN','Needs editing','120'),(287,11,19,'2005-05-04 04:00:14','IN','','80'),(288,24,2,'2007-04-16 08:42:18','OUT','','136'),(289,104,22,'1978-05-15 03:41:31','OUT','','99'),(290,45,26,'2009-07-20 22:23:49','COMPLETE','','98'),(291,42,11,'1979-08-13 19:20:33','COMPLETE','','41'),(292,79,49,'1992-12-18 20:44:18','COMPLETE','','3'),(293,139,14,'1998-12-19 10:38:41','COMPLETE','','30'),(294,12,8,'1979-02-21 23:04:33','OUT','Done','93'),(295,45,27,'2009-06-01 02:45:11','IN','','49'),(296,47,10,'2020-11-03 22:35:57','COMPLETE','','9'),(297,93,50,'1982-05-25 21:04:20','OUT','','27'),(298,99,24,'1974-12-04 01:12:32','OUT','','84'),(299,139,48,'1986-12-11 15:12:09','COMPLETE','','19'),(300,131,11,'2001-04-24 20:34:24','OUT','','41'),(301,16,18,'1999-05-20 16:22:25','IN','','12'),(302,159,43,'2005-11-08 05:21:30','OUT','','110'),(303,39,7,'1976-04-03 09:47:09','IN','','66'),(304,1,48,'1981-08-29 07:37:37','COMPLETE','Done','119'),(305,192,48,'1996-03-19 18:28:55','IN','Done','94'),(306,116,46,'2006-02-13 02:56:18','COMPLETE','','30'),(307,179,14,'2018-05-21 05:44:24','IN','Done','99'),(308,71,41,'1989-07-01 17:03:40','COMPLETE','','4'),(309,196,22,'2001-11-25 00:07:24','COMPLETE','Needs editing','59'),(310,76,19,'2009-02-20 22:05:42','IN','','121'),(311,123,32,'1977-05-23 17:11:44','COMPLETE','','123'),(312,72,25,'2009-03-13 22:00:40','COMPLETE','Done','129'),(313,42,4,'2006-05-23 14:11:47','OUT','','91'),(314,3,43,'2003-10-07 17:38:41','IN','','58'),(315,19,34,'2003-08-04 06:14:33','OUT','','10'),(316,190,38,'1973-11-17 13:40:35','COMPLETE','','52'),(317,73,19,'2006-07-16 00:27:03','COMPLETE','','145'),(318,123,28,'1975-04-02 07:43:09','IN','','106'),(319,135,29,'2012-12-07 14:01:13','IN','','72'),(320,194,10,'2010-08-17 06:13:43','COMPLETE','','1'),(321,199,7,'2021-07-21 11:59:47','IN','','125'),(322,113,27,'1975-04-18 07:27:31','IN','Done','7'),(323,132,50,'1998-01-29 18:53:30','IN','Incomplete','96'),(324,102,46,'2011-01-03 15:19:45','COMPLETE','','112'),(325,198,38,'1998-01-20 23:28:39','COMPLETE','','126'),(326,196,18,'1994-01-02 07:18:10','COMPLETE','','138'),(327,74,22,'2009-02-27 03:17:10','COMPLETE','','115'),(328,79,16,'1977-05-21 05:25:25','COMPLETE','','49'),(329,6,14,'1993-09-30 20:59:47','IN','','50'),(330,63,15,'1978-08-02 14:09:57','OUT','Done','146'),(331,82,45,'1982-09-18 09:24:04','IN','','118'),(332,188,31,'2009-05-13 13:49:25','IN','','53'),(333,59,31,'1976-09-20 21:51:08','OUT','','16'),(334,170,47,'1989-05-31 10:35:32','OUT','','3'),(335,144,47,'2012-04-14 11:24:20','COMPLETE','','123'),(336,151,46,'1987-09-15 03:14:45','IN','Done','28'),(337,43,50,'1978-01-23 05:29:44','IN','','106'),(338,78,8,'1995-05-10 15:25:27','OUT','Needs editing','108'),(339,49,4,'2015-06-02 07:34:04','OUT','','114'),(340,140,25,'1988-06-12 12:07:48','IN','','1'),(341,107,24,'2013-12-09 12:03:54','COMPLETE','','13'),(342,25,41,'1990-08-03 10:49:01','IN','','106'),(343,141,0,'1996-09-24 18:13:07','COMPLETE','','3'),(344,102,46,'2009-11-28 05:01:32','OUT','','140'),(345,13,22,'1971-11-21 04:15:18','IN','','131'),(346,39,15,'1975-03-02 11:57:37','COMPLETE','','61'),(347,2,50,'1970-09-18 10:56:58','IN','','100'),(348,28,43,'1973-09-16 14:37:03','COMPLETE','','60'),(349,162,27,'1986-01-25 09:16:04','IN','','101'),(350,180,14,'1997-12-30 07:29:54','COMPLETE','Done','57'),(351,72,13,'1979-06-11 06:29:35','COMPLETE','','35'),(352,34,50,'1984-04-11 03:46:44','COMPLETE','','60'),(353,146,10,'1982-03-12 13:40:24','OUT','','110'),(354,109,36,'1989-02-14 15:43:27','OUT','','96'),(355,151,6,'2013-06-25 09:31:19','OUT','','2'),(356,149,27,'1984-01-08 15:24:15','OUT','Done','31'),(357,137,27,'1998-11-23 11:02:53','COMPLETE','','100'),(358,141,35,'1995-06-02 01:33:38','IN','','23'),(359,64,18,'1976-06-20 05:53:39','IN','','121'),(360,140,4,'2005-03-12 03:16:05','COMPLETE','','20'),(361,93,42,'2020-12-11 15:24:51','OUT','','111'),(362,41,18,'1998-01-09 17:26:15','IN','','21'),(363,161,47,'2005-06-26 12:24:56','OUT','','147'),(364,73,38,'2016-03-22 08:49:56','IN','','74'),(365,8,20,'1990-02-15 13:27:37','OUT','','148'),(366,12,40,'2011-10-22 06:12:03','COMPLETE','','73'),(367,62,3,'1999-10-24 03:13:22','IN','','67'),(368,20,39,'2010-07-14 19:49:21','COMPLETE','','123'),(369,124,48,'2005-10-31 07:52:43','IN','','26'),(370,36,26,'1987-07-25 07:16:36','IN','','106'),(371,196,16,'2003-03-18 01:29:38','COMPLETE','','105'),(372,61,7,'1979-05-01 06:27:15','OUT','','90'),(373,155,16,'1973-11-03 03:06:55','IN','','99'),(374,39,26,'2022-04-29 10:02:54','OUT','','24'),(375,62,18,'1997-06-18 11:34:03','OUT','Needs editing','141'),(376,191,12,'1979-10-19 13:58:14','OUT','','40'),(377,110,24,'1976-02-04 06:39:05','COMPLETE','','13'),(378,137,50,'1988-12-19 02:06:43','OUT','','62'),(379,85,40,'2016-03-02 19:15:08','COMPLETE','Incomplete','116'),(380,83,17,'2002-09-05 16:45:22','OUT','','140'),(381,110,3,'1973-08-29 07:14:55','IN','','33'),(382,173,22,'1973-07-21 07:26:13','COMPLETE','','27'),(383,74,39,'2022-11-10 14:17:37','IN','','47'),(384,166,45,'2013-09-26 07:00:24','OUT','','24'),(385,46,48,'2006-09-29 03:48:50','IN','','56'),(386,144,26,'1999-03-19 13:15:25','IN','','61'),(387,56,1,'2011-12-28 07:34:07','IN','','59'),(388,33,50,'2011-10-10 16:26:50','OUT','Incomplete','137'),(389,160,11,'1990-11-15 18:20:47','COMPLETE','','138'),(390,60,19,'1994-02-20 19:19:01','OUT','','95'),(391,124,30,'1999-08-07 13:34:13','IN','','4'),(392,26,18,'1985-06-08 08:22:34','IN','Done','112'),(393,15,40,'1994-07-21 12:02:33','COMPLETE','Done','119'),(394,94,2,'1997-10-04 04:57:25','IN','','93'),(395,126,23,'1989-11-29 00:53:01','COMPLETE','','89'),(396,59,50,'1980-09-28 12:46:26','IN','','116'),(397,11,36,'2021-08-17 21:59:45','OUT','Incomplete','149'),(398,74,45,'1974-03-13 07:21:00','COMPLETE','','106'),(399,113,2,'1996-05-20 19:03:23','OUT','','50'),(400,20,5,'1977-06-10 08:52:55','IN','','42'),(401,46,41,'1999-03-15 09:18:02','COMPLETE','','144'),(402,1,46,'2000-10-21 10:39:02','IN','','80'),(403,132,25,'1996-12-27 09:05:15','OUT','Needs editing','94'),(404,5,33,'1998-06-16 19:06:27','IN','','33'),(405,95,16,'1993-06-22 10:31:33','OUT','','106'),(406,84,49,'2023-05-17 18:51:38','OUT','','5'),(407,43,50,'1975-09-02 06:56:08','COMPLETE','Incomplete','44'),(408,141,50,'2015-04-08 01:31:28','OUT','','137'),(409,82,4,'1988-01-23 11:42:23','IN','','78'),(410,129,14,'1977-11-04 13:05:16','COMPLETE','','77'),(411,9,14,'1984-03-08 01:32:19','COMPLETE','','111'),(412,127,16,'1979-04-17 01:31:44','COMPLETE','Incomplete','28'),(413,90,9,'2022-03-11 13:41:01','COMPLETE','','102'),(414,141,20,'2004-10-10 01:49:13','IN','Done','99'),(415,110,13,'1997-11-15 07:00:43','COMPLETE','Done','27'),(416,10,44,'2023-01-19 14:45:03','OUT','','60'),(417,141,26,'1995-07-09 20:02:57','OUT','','102'),(418,137,6,'2002-09-30 07:42:12','OUT','Incomplete','136'),(419,90,13,'1987-10-21 04:25:39','IN','Incomplete','149'),(420,123,46,'1979-10-07 23:00:06','OUT','','117'),(421,115,3,'1978-06-29 19:24:01','IN','','6'),(422,145,50,'1973-02-19 02:17:51','OUT','Incomplete','98'),(423,190,39,'1987-12-31 03:04:09','COMPLETE','Needs editing','46'),(424,136,33,'2009-11-03 01:14:32','OUT','','121'),(425,14,33,'1999-07-16 14:10:11','OUT','Needs editing','60'),(426,165,50,'1977-04-19 08:40:22','IN','','136'),(427,90,20,'1979-05-30 07:48:26','IN','','85'),(428,62,46,'1979-11-04 14:25:43','OUT','Done','141'),(429,72,46,'2018-02-19 07:47:13','OUT','Done','21'),(430,25,10,'1985-01-22 12:10:45','IN','','81'),(431,151,11,'1994-10-21 10:02:27','COMPLETE','','125'),(432,148,2,'1986-03-17 17:44:41','IN','','65'),(433,35,1,'2001-05-17 11:26:16','IN','','147'),(434,187,5,'1970-06-02 18:24:41','IN','Incomplete','31'),(435,168,8,'2012-05-18 13:46:22','IN','','52'),(436,30,47,'1996-11-12 04:31:27','COMPLETE','','64'),(437,51,45,'1988-09-02 17:12:28','IN','','18'),(438,135,24,'2011-08-19 09:34:03','COMPLETE','','84'),(439,174,16,'2008-01-24 10:11:38','IN','','105'),(440,138,22,'2006-01-20 01:27:21','COMPLETE','','78'),(441,148,45,'2004-10-02 03:08:05','COMPLETE','','59'),(442,42,33,'1981-09-01 04:43:28','COMPLETE','','16'),(443,162,41,'1994-05-21 21:23:20','IN','','21'),(444,142,10,'1983-08-12 02:57:55','COMPLETE','Done','97'),(445,46,11,'1979-08-02 22:47:33','OUT','','99'),(446,163,30,'2014-03-02 22:35:20','IN','','150'),(447,187,41,'1978-05-22 10:35:09','COMPLETE','Needs editing','48'),(448,75,33,'1970-06-19 02:20:20','OUT','','70'),(449,159,46,'1986-04-26 21:55:48','COMPLETE','Done','44'),(450,128,6,'1995-08-03 08:07:56','OUT','','118'),(451,108,25,'2008-08-24 14:18:25','IN','','60'),(452,58,4,'2016-05-30 06:41:46','OUT','Incomplete','139'),(453,184,10,'2000-07-26 06:43:52','COMPLETE','Done','129'),(454,57,23,'2001-03-11 11:05:02','OUT','','26'),(455,188,46,'1985-09-25 01:08:34','COMPLETE','Needs editing','77'),(456,69,4,'1974-11-07 02:18:31','COMPLETE','','16'),(457,65,22,'2000-02-05 00:29:31','IN','Needs editing','36'),(458,11,32,'2011-07-11 00:41:07','IN','','47'),(459,94,23,'2019-09-15 09:35:40','IN','','126'),(460,80,38,'1998-07-09 23:51:07','IN','','101'),(461,69,26,'1973-10-16 15:51:15','COMPLETE','','45'),(462,157,6,'1977-10-28 22:35:07','IN','','36'),(463,114,11,'2014-10-24 07:11:03','OUT','Needs editing','12'),(464,146,1,'2008-10-11 20:44:40','IN','Done','28'),(465,148,17,'2017-09-06 06:26:13','IN','','8'),(466,41,25,'1970-03-06 13:28:38','COMPLETE','','64'),(467,12,16,'1977-07-23 12:06:34','IN','','104'),(468,143,50,'1983-05-29 20:35:20','COMPLETE','Needs editing','23'),(469,159,45,'1997-11-20 07:33:36','IN','','64'),(470,119,47,'2022-10-18 21:47:08','COMPLETE','','63'),(471,76,13,'1992-05-02 13:53:16','OUT','Incomplete','113'),(472,187,46,'1981-03-13 07:40:29','IN','','21'),(473,113,2,'1982-05-21 16:11:19','COMPLETE','','136'),(474,149,36,'2008-08-16 18:56:06','IN','Needs editing','16'),(475,14,34,'1975-06-11 22:14:46','OUT','','94'),(476,58,22,'1973-04-24 06:34:30','OUT','','12'),(477,86,18,'1981-06-14 16:15:25','COMPLETE','','108'),(478,10,33,'1996-10-21 00:47:15','IN','','79'),(479,31,33,'1989-01-12 15:23:39','IN','','123'),(480,3,47,'2020-05-10 04:05:58','OUT','','131'),(481,46,17,'1996-01-16 23:54:40','IN','','10'),(482,144,15,'2016-12-15 22:01:00','IN','','19'),(483,48,37,'1976-01-31 04:25:58','COMPLETE','','53'),(484,2,28,'2003-05-15 17:19:54','OUT','','23'),(485,44,42,'2009-12-18 03:44:29','IN','','80'),(486,46,7,'1973-03-25 09:48:37','OUT','','19'),(487,90,49,'2005-02-28 05:53:36','IN','Needs editing','140'),(488,6,29,'2000-11-17 13:29:43','OUT','Done','77'),(489,130,14,'1987-01-25 03:42:27','IN','','73'),(490,128,37,'1991-07-18 18:31:44','OUT','','76'),(491,87,39,'2021-08-21 08:21:28','OUT','Done','62'),(492,135,41,'1971-10-26 16:33:08','OUT','','81'),(493,178,0,'1975-12-22 15:07:11','IN','Done','145'),(494,130,2,'1981-06-06 23:39:07','IN','','37'),(495,2,13,'1997-11-29 22:47:46','IN','','80'),(496,63,29,'1995-03-24 12:05:27','OUT','','124'),(497,112,5,'2000-07-10 05:10:13','IN','Needs editing','76'),(498,59,31,'2008-02-25 06:55:56','OUT','','41'),(499,137,28,'2012-09-09 17:48:23','IN','','55'),(500,160,22,'1995-03-15 14:53:32','OUT','','19');
/*!40000 ALTER TABLE `transaction` ENABLE KEYS */;
UNLOCK TABLES;
/*!40103 SET TIME_ZONE=@OLD_TIME_ZONE */;

/*!40101 SET SQL_MODE=@OLD_SQL_MODE */;
/*!40014 SET FOREIGN_KEY_CHECKS=@OLD_FOREIGN_KEY_CHECKS */;
/*!40014 SET UNIQUE_CHECKS=@OLD_UNIQUE_CHECKS */;
/*!40101 SET CHARACTER_SET_CLIENT=@OLD_CHARACTER_SET_CLIENT */;
/*!40101 SET CHARACTER_SET_RESULTS=@OLD_CHARACTER_SET_RESULTS */;
/*!40101 SET COLLATION_CONNECTION=@OLD_COLLATION_CONNECTION */;
/*!40111 SET SQL_NOTES=@OLD_SQL_NOTES */;

-- Dump completed on 2023-11-15  1:58:40
